user_loc	fr_loc	scaled_sci
AO	AO	16815996
AO	BF	19899
AO	BI	18830
AO	BJ	27847
AO	BW	25727
AO	CD	221090
AO	CF	19593
AO	CG	141128
AO	CI	32817
AO	CM	19607
AO	CV	317664
AO	DJ	4317
AO	DZ	1715
AO	EG	1258
AO	ET	3278
AO	GA	37827
AO	GH	14043
AO	GM	35052
AO	GN	86428
AO	GQ	40187
AO	GW	343468
AO	KE	18738
AO	KM	5918
AO	LR	31446
AO	LS	13237
AO	LY	1579
AO	MA	2476
AO	MG	14281
AO	ML	30127
AO	MR	55699
AO	MU	1931
AO	MW	13172
AO	MZ	779423
AO	NE	12845
AO	NG	6228
AO	RE	1396
AO	RW	15856
AO	SC	3412
AO	SL	31486
AO	SN	22513
AO	ST	1176889
AO	SZ	24929
AO	TD	11978
AO	TG	22735
AO	TN	2106
AO	TZ	20535
AO	UG	17318
AO	YT	5804
AO	ZA	23587
AO	ZM	28759
AO	ZW	11986
BF	AO	19899
BF	BF	20112854
BF	BI	64336
BF	BJ	215078
BF	BW	16028
BF	CD	66064
BF	CF	175298
BF	CG	153522
BF	CI	645107
BF	CM	71321
BF	CV	4568
BF	DJ	13637
BF	DZ	5903
BF	EG	3256
BF	ET	2454
BF	GA	256874
BF	GH	65533
BF	GM	26541
BF	GN	220707
BF	GQ	446849
BF	GW	27594
BF	KE	36950
BF	KM	15235
BF	LR	51039
BF	LS	11261
BF	LY	11414
BF	MA	9782
BF	MG	32670
BF	ML	476864
BF	MR	64706
BF	MU	3040
BF	MW	14150
BF	MZ	24793
BF	NE	309655
BF	NG	11170
BF	RE	3062
BF	RW	29294
BF	SC	2399
BF	SL	37632
BF	SN	131695
BF	ST	20096
BF	SZ	12153
BF	TD	129381
BF	TG	368779
BF	TN	9200
BF	TZ	39649
BF	UG	34760
BF	YT	8923
BF	ZA	5386
BF	ZM	22674
BF	ZW	5969
BI	AO	18830
BI	BF	64336
BI	BI	75294151
BI	BJ	102693
BI	BW	15669
BI	CD	431385
BI	CF	175668
BI	CG	68024
BI	CI	79593
BI	CM	38363
BI	CV	2166
BI	DJ	14145
BI	DZ	2265
BI	EG	1729
BI	ET	6086
BI	GA	36767
BI	GH	26063
BI	GM	11253
BI	GN	45705
BI	GQ	15891
BI	GW	12129
BI	KE	161006
BI	KM	30804
BI	LR	108241
BI	LS	8525
BI	LY	21804
BI	MA	2579
BI	MG	35681
BI	ML	49190
BI	MR	16221
BI	MU	3697
BI	MW	172693
BI	MZ	90125
BI	NE	143514
BI	NG	11193
BI	RE	23521
BI	RW	2184653
BI	SC	4589
BI	SL	52910
BI	SN	16919
BI	ST	76572
BI	SZ	19949
BI	TD	45225
BI	TG	42986
BI	TN	2057
BI	TZ	500928
BI	UG	303307
BI	YT	181249
BI	ZA	29976
BI	ZM	318660
BI	ZW	12063
BJ	AO	27847
BJ	BF	215078
BJ	BI	102693
BJ	BJ	16457224
BJ	BW	16094
BJ	CD	144284
BJ	CF	203194
BJ	CG	259617
BJ	CI	205156
BJ	CM	108544
BJ	CV	9361
BJ	DJ	23227
BJ	DZ	6774
BJ	EG	2240
BJ	ET	4495
BJ	GA	413095
BJ	GH	51350
BJ	GM	36694
BJ	GN	88240
BJ	GQ	259027
BJ	GW	31387
BJ	KE	30829
BJ	KM	37572
BJ	LR	198259
BJ	LS	7584
BJ	LY	6512
BJ	MA	5891
BJ	MG	40936
BJ	ML	125674
BJ	MR	40433
BJ	MU	25264
BJ	MW	26136
BJ	MZ	33625
BJ	NE	593457
BJ	NG	63175
BJ	RE	23848
BJ	RW	71993
BJ	SC	22329
BJ	SL	45932
BJ	SN	68746
BJ	ST	74220
BJ	SZ	12491
BJ	TD	100768
BJ	TG	1124249
BJ	TN	5706
BJ	TZ	30340
BJ	UG	32049
BJ	YT	40895
BJ	ZA	6164
BJ	ZM	37648
BJ	ZW	6547
BW	AO	25727
BW	BF	16028
BW	BI	15669
BW	BJ	16094
BW	BW	93338425
BW	CD	22198
BW	CF	71038
BW	CG	20785
BW	CI	19631
BW	CM	18911
BW	CV	41466
BW	DJ	3960
BW	DZ	1186
BW	EG	813
BW	ET	3026
BW	GA	15303
BW	GH	30557
BW	GM	28028
BW	GN	18873
BW	GQ	12871
BW	GW	240520
BW	KE	17037
BW	KM	7309
BW	LR	701269
BW	LS	167654
BW	LY	1884
BW	MA	1436
BW	MG	9954
BW	ML	16722
BW	MR	8875
BW	MU	8003
BW	MW	80482
BW	MZ	35854
BW	NE	11097
BW	NG	13973
BW	RE	2029
BW	RW	21673
BW	SC	26959
BW	SL	330789
BW	SN	22754
BW	ST	544774
BW	SZ	647295
BW	TD	8193
BW	TG	34087
BW	TN	1308
BW	TZ	20099
BW	UG	34254
BW	YT	5735
BW	ZA	144021
BW	ZM	158433
BW	ZW	706766
CD	AO	221090
CD	BF	66064
CD	BI	431385
CD	BJ	144284
CD	BW	22198
CD	CD	10295415
CD	CF	177244
CD	CG	957973
CD	CI	95766
CD	CM	103772
CD	CV	3943
CD	DJ	10287
CD	DZ	1668
CD	EG	1293
CD	ET	2679
CD	GA	245197
CD	GH	18959
CD	GM	12923
CD	GN	53002
CD	GQ	46575
CD	GW	14027
CD	KE	44958
CD	KM	18569
CD	LR	73244
CD	LS	13765
CD	LY	2266
CD	MA	3346
CD	MG	52974
CD	ML	62453
CD	MR	20503
CD	MU	3738
CD	MW	58493
CD	MZ	41382
CD	NE	36412
CD	NG	8918
CD	RE	5366
CD	RW	215056
CD	SC	5946
CD	SL	29964
CD	SN	30187
CD	ST	42337
CD	SZ	22764
CD	TD	43819
CD	TG	99236
CD	TN	7808
CD	TZ	64841
CD	UG	125352
CD	YT	30760
CD	ZA	22380
CD	ZM	91154
CD	ZW	18831
CF	AO	19593
CF	BF	175298
CF	BI	175668
CF	BJ	203194
CF	BW	71038
CF	CD	177244
CF	CF	262239866
CF	CG	1378453
CF	CI	109994
CF	CM	1520761
CF	CV	9901
CF	DJ	64441
CF	DZ	3830
CF	EG	14318
CF	ET	4171
CF	GA	473076
CF	GH	33327
CF	GM	30550
CF	GN	94156
CF	GQ	671290
CF	GW	29655
CF	KE	29434
CF	KM	28409
CF	LR	49830
CF	LS	10373
CF	LY	34037
CF	MA	33625
CF	MG	31056
CF	ML	131855
CF	MR	235398
CF	MU	4708
CF	MW	10926
CF	MZ	18317
CF	NE	209759
CF	NG	12404
CF	RE	4564
CF	RW	533567
CF	SC	8754
CF	SL	33094
CF	SN	270924
CF	ST	19261
CF	SZ	11483
CF	TD	4008627
CF	TG	389606
CF	TN	14294
CF	TZ	49632
CF	UG	42898
CF	YT	18902
CF	ZA	5660
CF	ZM	74394
CF	ZW	6822
CG	AO	141128
CG	BF	153522
CG	BI	68024
CG	BJ	259617
CG	BW	20785
CG	CD	957973
CG	CF	1378453
CG	CG	54779570
CG	CI	275067
CG	CM	287145
CG	CV	18547
CG	DJ	20526
CG	DZ	4013
CG	EG	1854
CG	ET	2650
CG	GA	1695988
CG	GH	28060
CG	GM	56108
CG	GN	183444
CG	GQ	243744
CG	GW	56742
CG	KE	26036
CG	KM	24367
CG	LR	58780
CG	LS	11871
CG	LY	5572
CG	MA	14981
CG	MG	46310
CG	ML	438294
CG	MR	229581
CG	MU	6264
CG	MW	15069
CG	MZ	42746
CG	NE	97114
CG	NG	10828
CG	RE	7256
CG	RW	43699
CG	SC	8372
CG	SL	44957
CG	SN	260489
CG	ST	35142
CG	SZ	19275
CG	TD	164974
CG	TG	235170
CG	TN	10822
CG	TZ	27494
CG	UG	31640
CG	YT	26935
CG	ZA	17635
CG	ZM	36535
CG	ZW	12637
CI	AO	32817
CI	BF	645107
CI	BI	79593
CI	BJ	205156
CI	BW	19631
CI	CD	95766
CI	CF	109994
CI	CG	275067
CI	CI	5742888
CI	CM	86665
CI	CV	7047
CI	DJ	10248
CI	DZ	5516
CI	EG	2684
CI	ET	2946
CI	GA	224366
CI	GH	44033
CI	GM	65261
CI	GN	350627
CI	GQ	248044
CI	GW	56883
CI	KE	35072
CI	KM	18750
CI	LR	115996
CI	LS	11377
CI	LY	14089
CI	MA	16076
CI	MG	36819
CI	ML	470937
CI	MR	122940
CI	MU	5391
CI	MW	14554
CI	MZ	41502
CI	NE	206868
CI	NG	13641
CI	RE	7179
CI	RW	32798
CI	SC	7617
CI	SL	65695
CI	SN	132424
CI	ST	23944
CI	SZ	14137
CI	TD	53911
CI	TG	261477
CI	TN	21943
CI	TZ	47819
CI	UG	37456
CI	YT	12102
CI	ZA	6300
CI	ZM	24941
CI	ZW	7418
CM	AO	19607
CM	BF	71321
CM	BI	38363
CM	BJ	108544
CM	BW	18911
CM	CD	103772
CM	CF	1520761
CM	CG	287145
CM	CI	86665
CM	CM	12186568
CM	CV	5019
CM	DJ	21299
CM	DZ	4132
CM	EG	1725
CM	ET	2535
CM	GA	490303
CM	GH	18632
CM	GM	19426
CM	GN	90823
CM	GQ	931940
CM	GW	15455
CM	KE	21822
CM	KM	18105
CM	LR	47842
CM	LS	9504
CM	LY	12027
CM	MA	7323
CM	MG	27103
CM	ML	68890
CM	MR	26178
CM	MU	6439
CM	MW	11011
CM	MZ	21521
CM	NE	178908
CM	NG	25289
CM	RE	4867
CM	RW	27455
CM	SC	16935
CM	SL	27687
CM	SN	47201
CM	ST	23353
CM	SZ	12805
CM	TD	1182988
CM	TG	139709
CM	TN	10561
CM	TZ	21455
CM	UG	26402
CM	YT	14267
CM	ZA	8068
CM	ZM	28325
CM	ZW	6216
CV	AO	317664
CV	BF	4568
CV	BI	2166
CV	BJ	9361
CV	BW	41466
CV	CD	3943
CV	CF	9901
CV	CG	18547
CV	CI	7047
CV	CM	5019
CV	CV	314863868
CV	DJ	2166
CV	DZ	732
CV	EG	638
CV	ET	816
CV	GA	12278
CV	GH	4813
CV	GM	67233
CV	GN	34265
CV	GQ	47028
CV	GW	2548646
CV	KE	3942
CV	KM	5578
CV	LR	15168
CV	LS	1865
CV	LY	790
CV	MA	2746
CV	MG	2611
CV	ML	7233
CV	MR	6747
CV	MU	2221
CV	MW	1346
CV	MZ	67680
CV	NE	6617
CV	NG	3787
CV	RE	1712
CV	RW	3290
CV	SC	6299
CV	SL	31946
CV	SN	120759
CV	ST	9737628
CV	SZ	3761
CV	TD	2217
CV	TG	9615
CV	TN	1096
CV	TZ	2974
CV	UG	4683
CV	YT	3189
CV	ZA	2186
CV	ZM	4397
CV	ZW	2103
DJ	AO	4317
DJ	BF	13637
DJ	BI	14145
DJ	BJ	23227
DJ	BW	3960
DJ	CD	10287
DJ	CF	64441
DJ	CG	20526
DJ	CI	10248
DJ	CM	21299
DJ	CV	2166
DJ	DJ	173751157
DJ	DZ	5635
DJ	EG	12286
DJ	ET	594079
DJ	GA	19392
DJ	GH	6114
DJ	GM	6187
DJ	GN	25754
DJ	GQ	10908
DJ	GW	5253
DJ	KE	79304
DJ	KM	24604
DJ	LR	7868
DJ	LS	2735
DJ	LY	6529
DJ	MA	14727
DJ	MG	28707
DJ	ML	17345
DJ	MR	23742
DJ	MU	4227
DJ	MW	4489
DJ	MZ	5684
DJ	NE	29772
DJ	NG	2458
DJ	RE	7731
DJ	RW	13935
DJ	SC	21376
DJ	SL	9231
DJ	SN	90045
DJ	ST	4131
DJ	SZ	4811
DJ	TD	189431
DJ	TG	15869
DJ	TN	10973
DJ	TZ	12899
DJ	UG	30214
DJ	YT	21364
DJ	ZA	4862
DJ	ZM	7489
DJ	ZW	4668
DZ	AO	1715
DZ	BF	5903
DZ	BI	2265
DZ	BJ	6774
DZ	BW	1186
DZ	CD	1668
DZ	CF	3830
DZ	CG	4013
DZ	CI	5516
DZ	CM	4132
DZ	CV	732
DZ	DJ	5635
DZ	DZ	781660
DZ	EG	6702
DZ	ET	1257
DZ	GA	4694
DZ	GH	2500
DZ	GM	3572
DZ	GN	21353
DZ	GQ	6093
DZ	GW	3064
DZ	KE	2533
DZ	KM	1500
DZ	LR	9355
DZ	LS	1004
DZ	LY	13118
DZ	MA	28957
DZ	MG	3653
DZ	ML	16789
DZ	MR	25851
DZ	MU	1045
DZ	MW	591
DZ	MZ	1846
DZ	NE	25737
DZ	NG	1383
DZ	RE	1043
DZ	RW	1973
DZ	SC	800
DZ	SL	10412
DZ	SN	3206
DZ	ST	955
DZ	SZ	1160
DZ	TD	6960
DZ	TG	3349
DZ	TN	26583
DZ	TZ	2797
DZ	UG	2941
DZ	YT	1441
DZ	ZA	739
DZ	ZM	2041
DZ	ZW	1010
EG	AO	1258
EG	BF	3256
EG	BI	1729
EG	BJ	2240
EG	BW	813
EG	CD	1293
EG	CF	14318
EG	CG	1854
EG	CI	2684
EG	CM	1725
EG	CV	638
EG	DJ	12286
EG	DZ	6702
EG	EG	1032826
EG	ET	4096
EG	GA	1409
EG	GH	3127
EG	GM	2649
EG	GN	5575
EG	GQ	3044
EG	GW	1592
EG	KE	2666
EG	KM	2633
EG	LR	4412
EG	LS	544
EG	LY	50714
EG	MA	8471
EG	MG	1014
EG	ML	4147
EG	MR	9316
EG	MU	683
EG	MW	850
EG	MZ	1222
EG	NE	3809
EG	NG	2611
EG	RE	272
EG	RW	2034
EG	SC	1417
EG	SL	6060
EG	SN	2392
EG	ST	848
EG	SZ	884
EG	TD	8599
EG	TG	2352
EG	TN	8366
EG	TZ	2464
EG	UG	4110
EG	YT	838
EG	ZA	567
EG	ZM	1564
EG	ZW	570
ET	AO	3278
ET	BF	2454
ET	BI	6086
ET	BJ	4495
ET	BW	3026
ET	CD	2679
ET	CF	4171
ET	CG	2650
ET	CI	2946
ET	CM	2535
ET	CV	816
ET	DJ	594079
ET	DZ	1257
ET	EG	4096
ET	ET	7788053
ET	GA	1791
ET	GH	7574
ET	GM	4375
ET	GN	2730
ET	GQ	16038
ET	GW	2047
ET	KE	44470
ET	KM	1888
ET	LR	9090
ET	LS	4432
ET	LY	6124
ET	MA	2749
ET	MG	1951
ET	ML	3219
ET	MR	4659
ET	MU	975
ET	MW	6151
ET	MZ	3178
ET	NE	5212
ET	NG	3195
ET	RE	401
ET	RW	10238
ET	SC	4704
ET	SL	8226
ET	SN	2287
ET	ST	2423
ET	SZ	6517
ET	TD	7803
ET	TG	4253
ET	TN	1046
ET	TZ	7296
ET	UG	25677
ET	YT	926
ET	ZA	16352
ET	ZM	5149
ET	ZW	3042
GA	AO	37827
GA	BF	256874
GA	BI	36767
GA	BJ	413095
GA	BW	15303
GA	CD	245197
GA	CF	473076
GA	CG	1695988
GA	CI	224366
GA	CM	490303
GA	CV	12278
GA	DJ	19392
GA	DZ	4694
GA	EG	1409
GA	ET	1791
GA	GA	73040459
GA	GH	39382
GA	GM	62788
GA	GN	200030
GA	GQ	1151954
GA	GW	48872
GA	KE	16602
GA	KM	20368
GA	LR	58492
GA	LS	7506
GA	LY	9666
GA	MA	23311
GA	MG	31919
GA	ML	422073
GA	MR	162719
GA	MU	6976
GA	MW	7506
GA	MZ	25170
GA	NE	131015
GA	NG	15336
GA	RE	7300
GA	RW	39467
GA	SC	6061
GA	SL	40010
GA	SN	431544
GA	ST	411468
GA	SZ	10042
GA	TD	197479
GA	TG	519975
GA	TN	22421
GA	TZ	16944
GA	UG	20079
GA	YT	18547
GA	ZA	9499
GA	ZM	21537
GA	ZW	5381
GH	AO	14043
GH	BF	65533
GH	BI	26063
GH	BJ	51350
GH	BW	30557
GH	CD	18959
GH	CF	33327
GH	CG	28060
GH	CI	44033
GH	CM	18632
GH	CV	4813
GH	DJ	6114
GH	DZ	2500
GH	EG	3127
GH	ET	7574
GH	GA	39382
GH	GH	6710002
GH	GM	37398
GH	GN	31556
GH	GQ	80060
GH	GW	14433
GH	KE	102333
GH	KM	4880
GH	LR	175961
GH	LS	21152
GH	LY	21173
GH	MA	4115
GH	MG	6134
GH	ML	33139
GH	MR	13370
GH	MU	3282
GH	MW	51293
GH	MZ	18942
GH	NE	71294
GH	NG	44997
GH	RE	986
GH	RW	42075
GH	SC	20632
GH	SL	102626
GH	SN	14355
GH	ST	16547
GH	SZ	23302
GH	TD	17262
GH	TG	292724
GH	TN	2467
GH	TZ	51520
GH	UG	45585
GH	YT	2850
GH	ZA	12364
GH	ZM	38947
GH	ZW	17103
GM	AO	35052
GM	BF	26541
GM	BI	11253
GM	BJ	36694
GM	BW	28028
GM	CD	12923
GM	CF	30550
GM	CG	56108
GM	CI	65261
GM	CM	19426
GM	CV	67233
GM	DJ	6187
GM	DZ	3572
GM	EG	2649
GM	ET	4375
GM	GA	62788
GM	GH	37398
GM	GM	43946349
GM	GN	1130965
GM	GQ	83027
GM	GW	1191793
GM	KE	19178
GM	KM	3343
GM	LR	367153
GM	LS	7992
GM	LY	16278
GM	MA	8338
GM	MG	6251
GM	ML	117364
GM	MR	433600
GM	MU	2773
GM	MW	11045
GM	MZ	16264
GM	NE	29848
GM	NG	27624
GM	RE	1324
GM	RW	14240
GM	SC	20211
GM	SL	1201575
GM	SN	928775
GM	ST	48959
GM	SZ	14202
GM	TD	10034
GM	TG	43116
GM	TN	5317
GM	TZ	16729
GM	UG	29848
GM	YT	2294
GM	ZA	5685
GM	ZM	22964
GM	ZW	8896
GN	AO	86428
GN	BF	220707
GN	BI	45705
GN	BJ	88240
GN	BW	18873
GN	CD	53002
GN	CF	94156
GN	CG	183444
GN	CI	350627
GN	CM	90823
GN	CV	34265
GN	DJ	25754
GN	DZ	21353
GN	EG	5575
GN	ET	2730
GN	GA	200030
GN	GH	31556
GN	GM	1130965
GN	GN	23962380
GN	GQ	242632
GN	GW	1112394
GN	KE	19694
GN	KM	40881
GN	LR	1080239
GN	LS	7805
GN	LY	28401
GN	MA	27938
GN	MG	21590
GN	ML	568093
GN	MR	287626
GN	MU	2145
GN	MW	16419
GN	MZ	49760
GN	NE	120004
GN	NG	8002
GN	RE	4258
GN	RW	23827
GN	SC	18304
GN	SL	1016422
GN	SN	895863
GN	ST	26191
GN	SZ	12701
GN	TD	64052
GN	TG	108535
GN	TN	32749
GN	TZ	25113
GN	UG	29033
GN	YT	16711
GN	ZA	4983
GN	ZM	28285
GN	ZW	8042
GQ	AO	40187
GQ	BF	446849
GQ	BI	15891
GQ	BJ	259027
GQ	BW	12871
GQ	CD	46575
GQ	CF	671290
GQ	CG	243744
GQ	CI	248044
GQ	CM	931940
GQ	CV	47028
GQ	DJ	10908
GQ	DZ	6093
GQ	EG	3044
GQ	ET	16038
GQ	GA	1151954
GQ	GH	80060
GQ	GM	83027
GQ	GN	242632
GQ	GQ	179369808
GQ	GW	161211
GQ	KE	17576
GQ	KM	8909
GQ	LR	70342
GQ	LS	6384
GQ	LY	15522
GQ	MA	14026
GQ	MG	16442
GQ	ML	776480
GQ	MR	117283
GQ	MU	3607
GQ	MW	6033
GQ	MZ	25787
GQ	NE	78067
GQ	NG	48560
GQ	RE	1794
GQ	RW	12044
GQ	SC	18991
GQ	SL	49049
GQ	SN	141925
GQ	ST	532222
GQ	SZ	13390
GQ	TD	397053
GQ	TG	211817
GQ	TN	8316
GQ	TZ	16943
GQ	UG	52727
GQ	YT	4737
GQ	ZA	6337
GQ	ZM	15846
GQ	ZW	18299
GW	AO	343468
GW	BF	27594
GW	BI	12129
GW	BJ	31387
GW	BW	240520
GW	CD	14027
GW	CF	29655
GW	CG	56742
GW	CI	56883
GW	CM	15455
GW	CV	2548646
GW	DJ	5253
GW	DZ	3064
GW	EG	1592
GW	ET	2047
GW	GA	48872
GW	GH	14433
GW	GM	1191793
GW	GN	1112394
GW	GQ	161211
GW	GW	114922693
GW	KE	17549
GW	KM	4781
GW	LR	159172
GW	LS	8091
GW	LY	11260
GW	MA	13976
GW	MG	7137
GW	ML	64767
GW	MR	266272
GW	MU	890
GW	MW	8239
GW	MZ	218484
GW	NE	38351
GW	NG	5703
GW	RE	705
GW	RW	11579
GW	SC	6066
GW	SL	236630
GW	SN	917187
GW	ST	6020673
GW	SZ	15114
GW	TD	11296
GW	TG	34621
GW	TN	2780
GW	TZ	14338
GW	UG	26318
GW	YT	2457
GW	ZA	6682
GW	ZM	17610
GW	ZW	7596
KE	AO	18738
KE	BF	36950
KE	BI	161006
KE	BJ	30829
KE	BW	17037
KE	CD	44958
KE	CF	29434
KE	CG	26036
KE	CI	35072
KE	CM	21822
KE	CV	3942
KE	DJ	79304
KE	DZ	2533
KE	EG	2666
KE	ET	44470
KE	GA	16602
KE	GH	102333
KE	GM	19178
KE	GN	19694
KE	GQ	17576
KE	GW	17549
KE	KE	7256757
KE	KM	26777
KE	LR	71098
KE	LS	11545
KE	LY	5594
KE	MA	3358
KE	MG	8964
KE	ML	32354
KE	MR	11482
KE	MU	4321
KE	MW	49552
KE	MZ	32436
KE	NE	30964
KE	NG	30748
KE	RE	2445
KE	RW	111802
KE	SC	90131
KE	SL	54087
KE	SN	16680
KE	ST	46593
KE	SZ	17818
KE	TD	20593
KE	TG	58212
KE	TN	2353
KE	TZ	162979
KE	UG	197732
KE	YT	9127
KE	ZA	12272
KE	ZM	41512
KE	ZW	14590
KM	AO	5918
KM	BF	15235
KM	BI	30804
KM	BJ	37572
KM	BW	7309
KM	CD	18569
KM	CF	28409
KM	CG	24367
KM	CI	18750
KM	CM	18105
KM	CV	5578
KM	DJ	24604
KM	DZ	1500
KM	EG	2633
KM	ET	1888
KM	GA	20368
KM	GH	4880
KM	GM	3343
KM	GN	40881
KM	GQ	8909
KM	GW	4781
KM	KE	26777
KM	KM	95842519
KM	LR	11528
KM	LS	6061
KM	LY	1322
KM	MA	11945
KM	MG	1297693
KM	ML	11738
KM	MR	7588
KM	MU	177368
KM	MW	5901
KM	MZ	13029
KM	NE	41867
KM	NG	2181
KM	RE	3508149
KM	RW	22008
KM	SC	208281
KM	SL	10798
KM	SN	141106
KM	ST	12708
KM	SZ	8049
KM	TD	19054
KM	TG	17498
KM	TN	25716
KM	TZ	308287
KM	UG	49517
KM	YT	28871714
KM	ZA	5142
KM	ZM	11757
KM	ZW	2814
LR	AO	31446
LR	BF	51039
LR	BI	108241
LR	BJ	198259
LR	BW	701269
LR	CD	73244
LR	CF	49830
LR	CG	58780
LR	CI	115996
LR	CM	47842
LR	CV	15168
LR	DJ	7868
LR	DZ	9355
LR	EG	4412
LR	ET	9090
LR	GA	58492
LR	GH	175961
LR	GM	367153
LR	GN	1080239
LR	GQ	70342
LR	GW	159172
LR	KE	71098
LR	KM	11528
LR	LR	83148418
LR	LS	43395
LR	LY	11931
LR	MA	7229
LR	MG	21190
LR	ML	96068
LR	MR	54116
LR	MU	4472
LR	MW	300839
LR	MZ	50694
LR	NE	41151
LR	NG	60172
LR	RE	1730
LR	RW	203432
LR	SC	13534
LR	SL	4249885
LR	SN	86144
LR	ST	147363
LR	SZ	275840
LR	TD	18726
LR	TG	82579
LR	TN	7578
LR	TZ	68370
LR	UG	143997
LR	YT	6219
LR	ZA	27445
LR	ZM	414102
LR	ZW	67238
LS	AO	13237
LS	BF	11261
LS	BI	8525
LS	BJ	7584
LS	BW	167654
LS	CD	13765
LS	CF	10373
LS	CG	11871
LS	CI	11377
LS	CM	9504
LS	CV	1865
LS	DJ	2735
LS	DZ	1004
LS	EG	544
LS	ET	4432
LS	GA	7506
LS	GH	21152
LS	GM	7992
LS	GN	7805
LS	GQ	6384
LS	GW	8091
LS	KE	11545
LS	KM	6061
LS	LR	43395
LS	LS	50428035
LS	LY	1212
LS	MA	1212
LS	MG	2856
LS	ML	10273
LS	MR	5526
LS	MU	2780
LS	MW	41607
LS	MZ	24177
LS	NE	8641
LS	NG	8277
LS	RE	725
LS	RW	14146
LS	SC	7052
LS	SL	42748
LS	SN	7222
LS	ST	10612
LS	SZ	278595
LS	TD	4712
LS	TG	18065
LS	TN	820
LS	TZ	12468
LS	UG	17661
LS	YT	2661
LS	ZA	368589
LS	ZM	55023
LS	ZW	56483
LY	AO	1579
LY	BF	11414
LY	BI	21804
LY	BJ	6512
LY	BW	1884
LY	CD	2266
LY	CF	34037
LY	CG	5572
LY	CI	14089
LY	CM	12027
LY	CV	790
LY	DJ	6529
LY	DZ	13118
LY	EG	50714
LY	ET	6124
LY	GA	9666
LY	GH	21173
LY	GM	16278
LY	GN	28401
LY	GQ	15522
LY	GW	11260
LY	KE	5594
LY	KM	1322
LY	LR	11931
LY	LS	1212
LY	LY	4682636
LY	MA	9422
LY	MG	1328
LY	ML	27281
LY	MR	19909
LY	MU	746
LY	MW	1364
LY	MZ	1679
LY	NE	196629
LY	NG	11741
LY	RE	211
LY	RW	4496
LY	SC	1652
LY	SL	17930
LY	SN	6295
LY	ST	1462
LY	SZ	1542
LY	TD	313007
LY	TG	7776
LY	TN	33366
LY	TZ	19909
LY	UG	6612
LY	YT	622
LY	ZA	827
LY	ZM	2676
LY	ZW	888
MA	AO	2476
MA	BF	9782
MA	BI	2579
MA	BJ	5891
MA	BW	1436
MA	CD	3346
MA	CF	33625
MA	CG	14981
MA	CI	16076
MA	CM	7323
MA	CV	2746
MA	DJ	14727
MA	DZ	28957
MA	EG	8471
MA	ET	2749
MA	GA	23311
MA	GH	4115
MA	GM	8338
MA	GN	27938
MA	GQ	14026
MA	GW	13976
MA	KE	3358
MA	KM	11945
MA	LR	7229
MA	LS	1212
MA	LY	9422
MA	MA	1324395
MA	MG	3746
MA	ML	15845
MA	MR	44785
MA	MU	1355
MA	MW	915
MA	MZ	2201
MA	NE	10748
MA	NG	2107
MA	RE	1657
MA	RW	3325
MA	SC	1561
MA	SL	9241
MA	SN	23300
MA	ST	9201
MA	SZ	1725
MA	TD	9954
MA	TG	5691
MA	TN	21402
MA	TZ	3343
MA	UG	3587
MA	YT	3897
MA	ZA	944
MA	ZM	2670
MA	ZW	812
MG	AO	14281
MG	BF	32670
MG	BI	35681
MG	BJ	40936
MG	BW	9954
MG	CD	52974
MG	CF	31056
MG	CG	46310
MG	CI	36819
MG	CM	27103
MG	CV	2611
MG	DJ	28707
MG	DZ	3653
MG	EG	1014
MG	ET	1951
MG	GA	31919
MG	GH	6134
MG	GM	6251
MG	GN	21590
MG	GQ	16442
MG	GW	7137
MG	KE	8964
MG	KM	1297693
MG	LR	21190
MG	LS	2856
MG	LY	1328
MG	MA	3746
MG	MG	21441121
MG	ML	22760
MG	MR	9685
MG	MU	206736
MG	MW	6088
MG	MZ	38566
MG	NE	18734
MG	NG	3055
MG	RE	366010
MG	RW	13235
MG	SC	359792
MG	SL	15077
MG	SN	14611
MG	ST	31417
MG	SZ	4914
MG	TD	18240
MG	TG	32909
MG	TN	4998
MG	TZ	13675
MG	UG	11445
MG	YT	1245437
MG	ZA	2711
MG	ZM	13441
MG	ZW	2278
ML	AO	30127
ML	BF	476864
ML	BI	49190
ML	BJ	125674
ML	BW	16722
ML	CD	62453
ML	CF	131855
ML	CG	438294
ML	CI	470937
ML	CM	68890
ML	CV	7233
ML	DJ	17345
ML	DZ	16789
ML	EG	4147
ML	ET	3219
ML	GA	422073
ML	GH	33139
ML	GM	117364
ML	GN	568093
ML	GQ	776480
ML	GW	64767
ML	KE	32354
ML	KM	11738
ML	LR	96068
ML	LS	10273
ML	LY	27281
ML	MA	15845
ML	MG	22760
ML	ML	14199564
ML	MR	321688
ML	MU	2235
ML	MW	11476
ML	MZ	27011
ML	NE	385879
ML	NG	12105
ML	RE	3044
ML	RW	25409
ML	SC	3215
ML	SL	104585
ML	SN	274213
ML	ST	15300
ML	SZ	13729
ML	TD	109126
ML	TG	217810
ML	TN	9504
ML	TZ	41804
ML	UG	35240
ML	YT	9249
ML	ZA	6621
ML	ZM	22817
ML	ZW	7077
MR	AO	55699
MR	BF	64706
MR	BI	16221
MR	BJ	40433
MR	BW	8875
MR	CD	20503
MR	CF	235398
MR	CG	229581
MR	CI	122940
MR	CM	26178
MR	CV	6747
MR	DJ	23742
MR	DZ	25851
MR	EG	9316
MR	ET	4659
MR	GA	162719
MR	GH	13370
MR	GM	433600
MR	GN	287626
MR	GQ	117283
MR	GW	266272
MR	KE	11482
MR	KM	7588
MR	LR	54116
MR	LS	5526
MR	LY	19909
MR	MA	44785
MR	MG	9685
MR	ML	321688
MR	MR	46574301
MR	MU	1140
MR	MW	4609
MR	MZ	11220
MR	NE	92004
MR	NG	5033
MR	RE	1280
MR	RW	12563
MR	SC	1451
MR	SL	104385
MR	SN	875342
MR	ST	13823
MR	SZ	7118
MR	TD	36492
MR	TG	43128
MR	TN	21159
MR	TZ	14286
MR	UG	16570
MR	YT	5784
MR	ZA	3570
MR	ZM	14235
MR	ZW	3340
MU	AO	1931
MU	BF	3040
MU	BI	3697
MU	BJ	25264
MU	BW	8003
MU	CD	3738
MU	CF	4708
MU	CG	6264
MU	CI	5391
MU	CM	6439
MU	CV	2221
MU	DJ	4227
MU	DZ	1045
MU	EG	683
MU	ET	975
MU	GA	6976
MU	GH	3282
MU	GM	2773
MU	GN	2145
MU	GQ	3607
MU	GW	890
MU	KE	4321
MU	KM	177368
MU	LR	4472
MU	LS	2780
MU	LY	746
MU	MA	1355
MU	MG	206736
MU	ML	2235
MU	MR	1140
MU	MU	54307866
MU	MW	2074
MU	MZ	3157
MU	NE	2126
MU	NG	2779
MU	RE	565881
MU	RW	6189
MU	SC	2599176
MU	SL	3325
MU	SN	2512
MU	ST	1162
MU	SZ	5305
MU	TD	1874
MU	TG	5501
MU	TN	1804
MU	TZ	3631
MU	UG	4507
MU	YT	441246
MU	ZA	15250
MU	ZM	4687
MU	ZW	10838
MW	AO	13172
MW	BF	14150
MW	BI	172693
MW	BJ	26136
MW	BW	80482
MW	CD	58493
MW	CF	10926
MW	CG	15069
MW	CI	14554
MW	CM	11011
MW	CV	1346
MW	DJ	4489
MW	DZ	591
MW	EG	850
MW	ET	6151
MW	GA	7506
MW	GH	51293
MW	GM	11045
MW	GN	16419
MW	GQ	6033
MW	GW	8239
MW	KE	49552
MW	KM	5901
MW	LR	300839
MW	LS	41607
MW	LY	1364
MW	MA	915
MW	MG	6088
MW	ML	11476
MW	MR	4609
MW	MU	2074
MW	MW	27014388
MW	MZ	114031
MW	NE	12249
MW	NG	15270
MW	RE	871
MW	RW	298959
MW	SC	8835
MW	SL	357445
MW	SN	4929
MW	ST	25239
MW	SZ	67813
MW	TD	6852
MW	TG	17279
MW	TN	623
MW	TZ	116699
MW	UG	169065
MW	YT	2669
MW	ZA	167548
MW	ZM	662260
MW	ZW	91064
MZ	AO	779423
MZ	BF	24793
MZ	BI	90125
MZ	BJ	33625
MZ	BW	35854
MZ	CD	41382
MZ	CF	18317
MZ	CG	42746
MZ	CI	41502
MZ	CM	21521
MZ	CV	67680
MZ	DJ	5684
MZ	DZ	1846
MZ	EG	1222
MZ	ET	3178
MZ	GA	25170
MZ	GH	18942
MZ	GM	16264
MZ	GN	49760
MZ	GQ	25787
MZ	GW	218484
MZ	KE	32436
MZ	KM	13029
MZ	LR	50694
MZ	LS	24177
MZ	LY	1679
MZ	MA	2201
MZ	MG	38566
MZ	ML	27011
MZ	MR	11220
MZ	MU	3157
MZ	MW	114031
MZ	MZ	17582942
MZ	NE	16037
MZ	NG	9964
MZ	RE	1949
MZ	RW	63374
MZ	SC	4601
MZ	SL	53139
MZ	SN	14092
MZ	ST	741802
MZ	SZ	141026
MZ	TD	12495
MZ	TG	24303
MZ	TN	1598
MZ	TZ	45202
MZ	UG	34765
MZ	YT	8124
MZ	ZA	114207
MZ	ZM	52043
MZ	ZW	89644
NE	AO	12845
NE	BF	309655
NE	BI	143514
NE	BJ	593457
NE	BW	11097
NE	CD	36412
NE	CF	209759
NE	CG	97114
NE	CI	206868
NE	CM	178908
NE	CV	6617
NE	DJ	29772
NE	DZ	25737
NE	EG	3809
NE	ET	5212
NE	GA	131015
NE	GH	71294
NE	GM	29848
NE	GN	120004
NE	GQ	78067
NE	GW	38351
NE	KE	30964
NE	KM	41867
NE	LR	41151
NE	LS	8641
NE	LY	196629
NE	MA	10748
NE	MG	18734
NE	ML	385879
NE	MR	92004
NE	MU	2126
NE	MW	12249
NE	MZ	16037
NE	NE	39105171
NE	NG	82493
NE	RE	3469
NE	RW	28565
NE	SC	2758
NE	SL	47432
NE	SN	97853
NE	ST	9502
NE	SZ	11415
NE	TD	553341
NE	TG	552463
NE	TN	10057
NE	TZ	125156
NE	UG	30024
NE	YT	13083
NE	ZA	5667
NE	ZM	16426
NE	ZW	5664
NG	AO	6228
NG	BF	11170
NG	BI	11193
NG	BJ	63175
NG	BW	13973
NG	CD	8918
NG	CF	12404
NG	CG	10828
NG	CI	13641
NG	CM	25289
NG	CV	3787
NG	DJ	2458
NG	DZ	1383
NG	EG	2611
NG	ET	3195
NG	GA	15336
NG	GH	44997
NG	GM	27624
NG	GN	8002
NG	GQ	48560
NG	GW	5703
NG	KE	30748
NG	KM	2181
NG	LR	60172
NG	LS	8277
NG	LY	11741
NG	MA	2107
NG	MG	3055
NG	ML	12105
NG	MR	5033
NG	MU	2779
NG	MW	15270
NG	MZ	9964
NG	NE	82493
NG	NG	1623364
NG	RE	484
NG	RW	16405
NG	SC	8251
NG	SL	38502
NG	SN	9097
NG	ST	9250
NG	SZ	12809
NG	TD	20529
NG	TG	52402
NG	TN	1580
NG	TZ	23992
NG	UG	22188
NG	YT	1416
NG	ZA	8589
NG	ZM	22263
NG	ZW	7940
RE	AO	1396
RE	BF	3062
RE	BI	23521
RE	BJ	23848
RE	BW	2029
RE	CD	5366
RE	CF	4564
RE	CG	7256
RE	CI	7179
RE	CM	4867
RE	CV	1712
RE	DJ	7731
RE	DZ	1043
RE	EG	272
RE	ET	401
RE	GA	7300
RE	GH	986
RE	GM	1324
RE	GN	4258
RE	GQ	1794
RE	GW	705
RE	KE	2445
RE	KM	3508149
RE	LR	1730
RE	LS	725
RE	LY	211
RE	MA	1657
RE	MG	366010
RE	ML	3044
RE	MR	1280
RE	MU	565881
RE	MW	871
RE	MZ	1949
RE	NE	3469
RE	NG	484
RE	RE	33409410
RE	RW	13867
RE	SC	176202
RE	SL	1667
RE	SN	7479
RE	ST	1206
RE	SZ	923
RE	TD	2163
RE	TG	5756
RE	TN	2803
RE	TZ	30379
RE	UG	4048
RE	YT	11854608
RE	ZA	1224
RE	ZM	1731
RE	ZW	667
RW	AO	15856
RW	BF	29294
RW	BI	2184653
RW	BJ	71993
RW	BW	21673
RW	CD	215056
RW	CF	533567
RW	CG	43699
RW	CI	32798
RW	CM	27455
RW	CV	3290
RW	DJ	13935
RW	DZ	1973
RW	EG	2034
RW	ET	10238
RW	GA	39467
RW	GH	42075
RW	GM	14240
RW	GN	23827
RW	GQ	12044
RW	GW	11579
RW	KE	111802
RW	KM	22008
RW	LR	203432
RW	LS	14146
RW	LY	4496
RW	MA	3325
RW	MG	13235
RW	ML	25409
RW	MR	12563
RW	MU	6189
RW	MW	298959
RW	MZ	63374
RW	NE	28565
RW	NG	16405
RW	RE	13867
RW	RW	50239043
RW	SC	6814
RW	SL	98488
RW	SN	11792
RW	ST	84990
RW	SZ	26542
RW	TD	32532
RW	TG	29346
RW	TN	1953
RW	TZ	134346
RW	UG	842161
RW	YT	55265
RW	ZA	12025
RW	ZM	180046
RW	ZW	22624
SC	AO	3412
SC	BF	2399
SC	BI	4589
SC	BJ	22329
SC	BW	26959
SC	CD	5946
SC	CF	8754
SC	CG	8372
SC	CI	7617
SC	CM	16935
SC	CV	6299
SC	DJ	21376
SC	DZ	800
SC	EG	1417
SC	ET	4704
SC	GA	6061
SC	GH	20632
SC	GM	20211
SC	GN	18304
SC	GQ	18991
SC	GW	6066
SC	KE	90131
SC	KM	208281
SC	LR	13534
SC	LS	7052
SC	LY	1652
SC	MA	1561
SC	MG	359792
SC	ML	3215
SC	MR	1451
SC	MU	2599176
SC	MW	8835
SC	MZ	4601
SC	NE	2758
SC	NG	8251
SC	RE	176202
SC	RW	6814
SC	SC	1000000000
SC	SL	13683
SC	SN	15442
SC	ST	5251
SC	SZ	6810
SC	TD	10119
SC	TG	10562
SC	TN	2328
SC	TZ	22334
SC	UG	35642
SC	YT	439694
SC	ZA	13270
SC	ZM	35588
SC	ZW	30370
SL	AO	31486
SL	BF	37632
SL	BI	52910
SL	BJ	45932
SL	BW	330789
SL	CD	29964
SL	CF	33094
SL	CG	44957
SL	CI	65695
SL	CM	27687
SL	CV	31946
SL	DJ	9231
SL	DZ	10412
SL	EG	6060
SL	ET	8226
SL	GA	40010
SL	GH	102626
SL	GM	1201575
SL	GN	1016422
SL	GQ	49049
SL	GW	236630
SL	KE	54087
SL	KM	10798
SL	LR	4249885
SL	LS	42748
SL	LY	17930
SL	MA	9241
SL	MG	15077
SL	ML	104585
SL	MR	104385
SL	MU	3325
SL	MW	357445
SL	MZ	53139
SL	NE	47432
SL	NG	38502
SL	RE	1667
SL	RW	98488
SL	SC	13683
SL	SL	72400176
SL	SN	159423
SL	ST	47807
SL	SZ	146916
SL	TD	19671
SL	TG	52232
SL	TN	10218
SL	TZ	56113
SL	UG	107689
SL	YT	5772
SL	ZA	25583
SL	ZM	326834
SL	ZW	69742
SN	AO	22513
SN	BF	131695
SN	BI	16919
SN	BJ	68746
SN	BW	22754
SN	CD	30187
SN	CF	270924
SN	CG	260489
SN	CI	132424
SN	CM	47201
SN	CV	120759
SN	DJ	90045
SN	DZ	3206
SN	EG	2392
SN	ET	2287
SN	GA	431544
SN	GH	14355
SN	GM	928775
SN	GN	895863
SN	GQ	141925
SN	GW	917187
SN	KE	16680
SN	KM	141106
SN	LR	86144
SN	LS	7222
SN	LY	6295
SN	MA	23300
SN	MG	14611
SN	ML	274213
SN	MR	875342
SN	MU	2512
SN	MW	4929
SN	MZ	14092
SN	NE	97853
SN	NG	9097
SN	RE	7479
SN	RW	11792
SN	SC	15442
SN	SL	159423
SN	SN	12541400
SN	ST	49810
SN	SZ	12433
SN	TD	78617
SN	TG	71688
SN	TN	5882
SN	TZ	14404
SN	UG	28863
SN	YT	38262
SN	ZA	6505
SN	ZM	20014
SN	ZW	7788
ST	AO	1176889
ST	BF	20096
ST	BI	76572
ST	BJ	74220
ST	BW	544774
ST	CD	42337
ST	CF	19261
ST	CG	35142
ST	CI	23944
ST	CM	23353
ST	CV	9737628
ST	DJ	4131
ST	DZ	955
ST	EG	848
ST	ET	2423
ST	GA	411468
ST	GH	16547
ST	GM	48959
ST	GN	26191
ST	GQ	532222
ST	GW	6020673
ST	KE	46593
ST	KM	12708
ST	LR	147363
ST	LS	10612
ST	LY	1462
ST	MA	9201
ST	MG	31417
ST	ML	15300
ST	MR	13823
ST	MU	1162
ST	MW	25239
ST	MZ	741802
ST	NE	9502
ST	NG	9250
ST	RE	1206
ST	RW	84990
ST	SC	5251
ST	SL	47807
ST	SN	49810
ST	ST	661149461
ST	SZ	21526
ST	TD	9822
ST	TG	18792
ST	TN	1155
ST	TZ	25001
ST	UG	38750
ST	YT	5142
ST	ZA	12467
ST	ZM	49378
ST	ZW	10810
SZ	AO	24929
SZ	BF	12153
SZ	BI	19949
SZ	BJ	12491
SZ	BW	647295
SZ	CD	22764
SZ	CF	11483
SZ	CG	19275
SZ	CI	14137
SZ	CM	12805
SZ	CV	3761
SZ	DJ	4811
SZ	DZ	1160
SZ	EG	884
SZ	ET	6517
SZ	GA	10042
SZ	GH	23302
SZ	GM	14202
SZ	GN	12701
SZ	GQ	13390
SZ	GW	15114
SZ	KE	17818
SZ	KM	8049
SZ	LR	275840
SZ	LS	278595
SZ	LY	1542
SZ	MA	1725
SZ	MG	4914
SZ	ML	13729
SZ	MR	7118
SZ	MU	5305
SZ	MW	67813
SZ	MZ	141026
SZ	NE	11415
SZ	NG	12809
SZ	RE	923
SZ	RW	26542
SZ	SC	6810
SZ	SL	146916
SZ	SN	12433
SZ	ST	21526
SZ	SZ	139546857
SZ	TD	5835
SZ	TG	23693
SZ	TN	1304
SZ	TZ	21150
SZ	UG	32058
SZ	YT	5627
SZ	ZA	525658
SZ	ZM	98658
SZ	ZW	141945
TD	AO	11978
TD	BF	129381
TD	BI	45225
TD	BJ	100768
TD	BW	8193
TD	CD	43819
TD	CF	4008627
TD	CG	164974
TD	CI	53911
TD	CM	1182988
TD	CV	2217
TD	DJ	189431
TD	DZ	6960
TD	EG	8599
TD	ET	7803
TD	GA	197479
TD	GH	17262
TD	GM	10034
TD	GN	64052
TD	GQ	397053
TD	GW	11296
TD	KE	20593
TD	KM	19054
TD	LR	18726
TD	LS	4712
TD	LY	313007
TD	MA	9954
TD	MG	18240
TD	ML	109126
TD	MR	36492
TD	MU	1874
TD	MW	6852
TD	MZ	12495
TD	NE	553341
TD	NG	20529
TD	RE	2163
TD	RW	32532
TD	SC	10119
TD	SL	19671
TD	SN	78617
TD	ST	9822
TD	SZ	5835
TD	TD	61151922
TD	TG	216850
TD	TN	7774
TD	TZ	67532
TD	UG	21678
TD	YT	9171
TD	ZA	2849
TD	ZM	11651
TD	ZW	3439
TG	AO	22735
TG	BF	368779
TG	BI	42986
TG	BJ	1124249
TG	BW	34087
TG	CD	99236
TG	CF	389606
TG	CG	235170
TG	CI	261477
TG	CM	139709
TG	CV	9615
TG	DJ	15869
TG	DZ	3349
TG	EG	2352
TG	ET	4253
TG	GA	519975
TG	GH	292724
TG	GM	43116
TG	GN	108535
TG	GQ	211817
TG	GW	34621
TG	KE	58212
TG	KM	17498
TG	LR	82579
TG	LS	18065
TG	LY	7776
TG	MA	5691
TG	MG	32909
TG	ML	217810
TG	MR	43128
TG	MU	5501
TG	MW	17279
TG	MZ	24303
TG	NE	552463
TG	NG	52402
TG	RE	5756
TG	RW	29346
TG	SC	10562
TG	SL	52232
TG	SN	71688
TG	ST	18792
TG	SZ	23693
TG	TD	216850
TG	TG	27293645
TG	TN	4544
TG	TZ	36458
TG	UG	41881
TG	YT	11966
TG	ZA	13261
TG	ZM	31763
TG	ZW	10654
TN	AO	2106
TN	BF	9200
TN	BI	2057
TN	BJ	5706
TN	BW	1308
TN	CD	7808
TN	CF	14294
TN	CG	10822
TN	CI	21943
TN	CM	10561
TN	CV	1096
TN	DJ	10973
TN	DZ	26583
TN	EG	8366
TN	ET	1046
TN	GA	22421
TN	GH	2467
TN	GM	5317
TN	GN	32749
TN	GQ	8316
TN	GW	2780
TN	KE	2353
TN	KM	25716
TN	LR	7578
TN	LS	820
TN	LY	33366
TN	MA	21402
TN	MG	4998
TN	ML	9504
TN	MR	21159
TN	MU	1804
TN	MW	623
TN	MZ	1598
TN	NE	10057
TN	NG	1580
TN	RE	2803
TN	RW	1953
TN	SC	2328
TN	SL	10218
TN	SN	5882
TN	ST	1155
TN	SZ	1304
TN	TD	7774
TN	TG	4544
TN	TN	5118918
TN	TZ	2253
TN	UG	2700
TN	YT	7163
TN	ZA	761
TN	ZM	2044
TN	ZW	669
TZ	AO	20535
TZ	BF	39649
TZ	BI	500928
TZ	BJ	30340
TZ	BW	20099
TZ	CD	64841
TZ	CF	49632
TZ	CG	27494
TZ	CI	47819
TZ	CM	21455
TZ	CV	2974
TZ	DJ	12899
TZ	DZ	2797
TZ	EG	2464
TZ	ET	7296
TZ	GA	16944
TZ	GH	51520
TZ	GM	16729
TZ	GN	25113
TZ	GQ	16943
TZ	GW	14338
TZ	KE	162979
TZ	KM	308287
TZ	LR	68370
TZ	LS	12468
TZ	LY	19909
TZ	MA	3343
TZ	MG	13675
TZ	ML	41804
TZ	MR	14286
TZ	MU	3631
TZ	MW	116699
TZ	MZ	45202
TZ	NE	125156
TZ	NG	23992
TZ	RE	30379
TZ	RW	134346
TZ	SC	22334
TZ	SL	56113
TZ	SN	14404
TZ	ST	25001
TZ	SZ	21150
TZ	TD	67532
TZ	TG	36458
TZ	TN	2253
TZ	TZ	10671078
TZ	UG	156714
TZ	YT	118530
TZ	ZA	15729
TZ	ZM	86259
TZ	ZW	17814
UG	AO	17318
UG	BF	34760
UG	BI	303307
UG	BJ	32049
UG	BW	34254
UG	CD	125352
UG	CF	42898
UG	CG	31640
UG	CI	37456
UG	CM	26402
UG	CV	4683
UG	DJ	30214
UG	DZ	2941
UG	EG	4110
UG	ET	25677
UG	GA	20079
UG	GH	45585
UG	GM	29848
UG	GN	29033
UG	GQ	52727
UG	GW	26318
UG	KE	197732
UG	KM	49517
UG	LR	143997
UG	LS	17661
UG	LY	6612
UG	MA	3587
UG	MG	11445
UG	ML	35240
UG	MR	16570
UG	MU	4507
UG	MW	169065
UG	MZ	34765
UG	NE	30024
UG	NG	22188
UG	RE	4048
UG	RW	842161
UG	SC	35642
UG	SL	107689
UG	SN	28863
UG	ST	38750
UG	SZ	32058
UG	TD	21678
UG	TG	41881
UG	TN	2700
UG	TZ	156714
UG	UG	18650751
UG	YT	18524
UG	ZA	20229
UG	ZM	114702
UG	ZW	22714
YT	AO	5804
YT	BF	8923
YT	BI	181249
YT	BJ	40895
YT	BW	5735
YT	CD	30760
YT	CF	18902
YT	CG	26935
YT	CI	12102
YT	CM	14267
YT	CV	3189
YT	DJ	21364
YT	DZ	1441
YT	EG	838
YT	ET	926
YT	GA	18547
YT	GH	2850
YT	GM	2294
YT	GN	16711
YT	GQ	4737
YT	GW	2457
YT	KE	9127
YT	KM	28871714
YT	LR	6219
YT	LS	2661
YT	LY	622
YT	MA	3897
YT	MG	1245437
YT	ML	9249
YT	MR	5784
YT	MU	441246
YT	MW	2669
YT	MZ	8124
YT	NE	13083
YT	NG	1416
YT	RE	11854608
YT	RW	55265
YT	SC	439694
YT	SL	5772
YT	SN	38262
YT	ST	5142
YT	SZ	5627
YT	TD	9171
YT	TG	11966
YT	TN	7163
YT	TZ	118530
YT	UG	18524
YT	YT	189088793
YT	ZA	4262
YT	ZM	9543
YT	ZW	1650
ZA	AO	23587
ZA	BF	5386
ZA	BI	29976
ZA	BJ	6164
ZA	BW	144021
ZA	CD	22380
ZA	CF	5660
ZA	CG	17635
ZA	CI	6300
ZA	CM	8068
ZA	CV	2186
ZA	DJ	4862
ZA	DZ	739
ZA	EG	567
ZA	ET	16352
ZA	GA	9499
ZA	GH	12364
ZA	GM	5685
ZA	GN	4983
ZA	GQ	6337
ZA	GW	6682
ZA	KE	12272
ZA	KM	5142
ZA	LR	27445
ZA	LS	368589
ZA	LY	827
ZA	MA	944
ZA	MG	2711
ZA	ML	6621
ZA	MR	3570
ZA	MU	15250
ZA	MW	167548
ZA	MZ	114207
ZA	NE	5667
ZA	NG	8589
ZA	RE	1224
ZA	RW	12025
ZA	SC	13270
ZA	SL	25583
ZA	SN	6505
ZA	ST	12467
ZA	SZ	525658
ZA	TD	2849
ZA	TG	13261
ZA	TN	761
ZA	TZ	15729
ZA	UG	20229
ZA	YT	4262
ZA	ZA	2022262
ZA	ZM	61516
ZA	ZW	366466
ZM	AO	28759
ZM	BF	22674
ZM	BI	318660
ZM	BJ	37648
ZM	BW	158433
ZM	CD	91154
ZM	CF	74394
ZM	CG	36535
ZM	CI	24941
ZM	CM	28325
ZM	CV	4397
ZM	DJ	7489
ZM	DZ	2041
ZM	EG	1564
ZM	ET	5149
ZM	GA	21537
ZM	GH	38947
ZM	GM	22964
ZM	GN	28285
ZM	GQ	15846
ZM	GW	17610
ZM	KE	41512
ZM	KM	11757
ZM	LR	414102
ZM	LS	55023
ZM	LY	2676
ZM	MA	2670
ZM	MG	13441
ZM	ML	22817
ZM	MR	14235
ZM	MU	4687
ZM	MW	662260
ZM	MZ	52043
ZM	NE	16426
ZM	NG	22263
ZM	RE	1731
ZM	RW	180046
ZM	SC	35588
ZM	SL	326834
ZM	SN	20014
ZM	ST	49378
ZM	SZ	98658
ZM	TD	11651
ZM	TG	31763
ZM	TN	2044
ZM	TZ	86259
ZM	UG	114702
ZM	YT	9543
ZM	ZA	61516
ZM	ZM	24759524
ZM	ZW	196035
ZW	AO	11986
ZW	BF	5969
ZW	BI	12063
ZW	BJ	6547
ZW	BW	706766
ZW	CD	18831
ZW	CF	6822
ZW	CG	12637
ZW	CI	7418
ZW	CM	6216
ZW	CV	2103
ZW	DJ	4668
ZW	DZ	1010
ZW	EG	570
ZW	ET	3042
ZW	GA	5381
ZW	GH	17103
ZW	GM	8896
ZW	GN	8042
ZW	GQ	18299
ZW	GW	7596
ZW	KE	14590
ZW	KM	2814
ZW	LR	67238
ZW	LS	56483
ZW	LY	888
ZW	MA	812
ZW	MG	2278
ZW	ML	7077
ZW	MR	3340
ZW	MU	10838
ZW	MW	91064
ZW	MZ	89644
ZW	NE	5664
ZW	NG	7940
ZW	RE	667
ZW	RW	22624
ZW	SC	30370
ZW	SL	69742
ZW	SN	7788
ZW	ST	10810
ZW	SZ	141945
ZW	TD	3439
ZW	TG	10654
ZW	TN	669
ZW	TZ	17814
ZW	UG	22714
ZW	YT	1650
ZW	ZA	366466
ZW	ZM	196035
ZW	ZW	20247600
